{"stat.walkOneCm":11701,"stat.useItem.278":13,"stat.useItem.61":1,"achievement.openInventory":8,"stat.craftItem.5":4,"stat.craftItem.61":1,"stat.damageTaken":410,"stat.mineBlock.1":14,"stat.mineBlock.61":1,"stat.entityKilledBy.Creeper":1,"stat.flyOneCm":3851,"stat.mineBlock.16":5,"stat.craftItem.58":1,"stat.deaths":1,"stat.mineBlock.17":1,"stat.drop":12,"stat.jump":21,"stat.swimOneCm":482,"stat.playOneMinute":6303,"stat.fallOneCm":2058,"achievement.buildWorkBench":1,"achievement.mineWood":1,"achievement.exploreAllBiomes":{"value":0,"progress":["Forest","River","Plains"]},"stat.useItem.58":1}