{"stat.flyOneCm":17301,"stat.deaths":1,"stat.walkOneCm":27082,"stat.useItem.61":2,"stat.drop":14,"stat.jump":86,"stat.playOneMinute":7323,"achievement.openInventory":6,"stat.fallOneCm":2379,"stat.killEntity.Sheep":2,"stat.damageTaken":250,"stat.damageDealt":325,"achievement.mineWood":8,"stat.killEntity.Cow":2,"stat.mineBlock.50":4,"stat.mineBlock.61":1,"stat.mobKills":4,"achievement.exploreAllBiomes":{"value":0,"progress":["Roofed Forest","River","Plains"]},"stat.mineBlock.54":1,"stat.useItem.270":1,"stat.mineBlock.31":21,"stat.useItem.271":12}